{
  "hidden_dim": 320,
  "num_blocks": 4,
  "dropout": 0.01906750508580709,
  "lr": 8.569331925053983e-05,
  "batch_size": 256,
  "residual_init": 0.9444298503238986,
  "use_variance_threshold": false,
  "use_standard_scaler": true,
  "use_select_kbest": true,
  "kbest_k": 10456
}